state_id,state,fatal,serious,minor,total_cases,number_injured,number_killed,total_casualty,people_involved,period,state_tokens,period_tokens,cases_check_ok
1,abia,10,19,1,30,146,31,177,279,q4 2020,['abia'],"['q4', '2020']",True
2,adamawa,14,63,0,77,234,36,270,443,q4 2020,['adamawa'],"['q4', '2020']",True
3,akwa ibom,6,13,3,22,28,7,35,89,q4 2020,"['akwa', 'ibom']","['q4', '2020']",True
4,anambra,14,41,17,72,152,20,172,526,q4 2020,['anambra'],"['q4', '2020']",True
5,bauchi,45,108,1,154,685,90,775,1182,q4 2020,['bauchi'],"['q4', '2020']",True
6,bayelsa,0,1,0,1,3,0,3,3,q4 2020,['bayelsa'],"['q4', '2020']",True
7,benue,10,43,24,77,177,25,202,254,q4 2020,['benue'],"['q4', '2020']",True
8,borno,8,17,0,25,67,16,83,118,q4 2020,['borno'],"['q4', '2020']",True
9,cross river,9,19,5,33,65,11,76,164,q4 2020,"['cross', 'river']","['q4', '2020']",True
10,delta,25,36,6,67,182,36,218,407,q4 2020,['delta'],"['q4', '2020']",True
11,ebonyi,10,16,1,27,82,11,93,200,q4 2020,['ebonyi'],"['q4', '2020']",True
12,edo,20,29,6,55,118,32,150,311,q4 2020,['edo'],"['q4', '2020']",True
13,ekiti,8,20,2,30,71,9,80,185,q4 2020,['ekiti'],"['q4', '2020']",True
14,enugu,9,24,11,44,116,30,146,387,q4 2020,['enugu'],"['q4', '2020']",True
15,fct,71,182,59,312,572,90,662,1543,q4 2020,['fct'],"['q4', '2020']",True
16,gombe,18,50,2,70,231,26,257,459,q4 2020,['gombe'],"['q4', '2020']",True
17,imo,9,20,2,31,91,15,106,230,q4 2020,['imo'],"['q4', '2020']",True
18,jigawa,27,61,4,92,318,64,382,628,q4 2020,['jigawa'],"['q4', '2020']",True
19,kaduna,93,175,13,281,1010,224,1234,2234,q4 2020,['kaduna'],"['q4', '2020']",True
20,kano,54,46,2,102,499,194,693,1013,q4 2020,['kano'],"['q4', '2020']",True
21,katsina,19,54,4,77,277,39,316,421,q4 2020,['katsina'],"['q4', '2020']",True
22,kebbi,21,33,4,58,222,56,278,387,q4 2020,['kebbi'],"['q4', '2020']",True
23,kogi,23,82,17,122,335,55,390,851,q4 2020,['kogi'],"['q4', '2020']",True
24,kwara,26,64,12,102,313,60,373,694,q4 2020,['kwara'],"['q4', '2020']",True
25,lagos,14,61,38,113,181,21,202,602,q4 2020,['lagos'],"['q4', '2020']",True
26,nasarawa,42,112,46,200,513,65,578,961,q4 2020,['nasarawa'],"['q4', '2020']",True
27,niger,27,80,3,110,347,91,438,653,q4 2020,['niger'],"['q4', '2020']",True
28,ogun,59,160,60,279,548,83,631,1678,q4 2020,['ogun'],"['q4', '2020']",True
29,ondo,49,56,9,114,320,84,404,899,q4 2020,['ondo'],"['q4', '2020']",True
30,osun,34,65,10,109,292,52,344,711,q4 2020,['osun'],"['q4', '2020']",True
31,oyo,41,89,25,155,385,68,453,1120,q4 2020,['oyo'],"['q4', '2020']",True
32,plateau,8,20,17,45,123,17,140,255,q4 2020,['plateau'],"['q4', '2020']",True
33,rivers,3,18,4,25,77,6,83,194,q4 2020,['rivers'],"['q4', '2020']",True
34,sokoto,12,20,0,32,138,47,185,228,q4 2020,['sokoto'],"['q4', '2020']",True
35,taraba,5,53,1,59,149,7,156,284,q4 2020,['taraba'],"['q4', '2020']",True
36,yobe,24,30,2,56,383,60,443,602,q4 2020,['yobe'],"['q4', '2020']",True
37,zamfara,18,37,0,55,252,40,292,475,q4 2020,['zamfara'],"['q4', '2020']",True
38,abia,16,23,5,44,119,35,154,289,q1 2021,['abia'],"['q1', '2021']",True
39,adamawa,11,73,0,84,251,21,272,437,q1 2021,['adamawa'],"['q1', '2021']",True
40,akwa ibom,7,12,3,22,35,12,47,117,q1 2021,"['akwa', 'ibom']","['q1', '2021']",True
41,anambra,9,55,16,80,147,9,156,575,q1 2021,['anambra'],"['q1', '2021']",True
42,bauchi,52,78,1,131,634,115,749,1138,q1 2021,['bauchi'],"['q1', '2021']",True
43,bayelsa,0,6,1,7,15,0,15,29,q1 2021,['bayelsa'],"['q1', '2021']",True
44,benue,10,27,15,52,123,15,138,187,q1 2021,['benue'],"['q1', '2021']",True
45,borno,8,23,0,31,78,24,102,149,q1 2021,['borno'],"['q1', '2021']",True
46,cross river,12,13,0,25,50,30,80,135,q1 2021,"['cross', 'river']","['q1', '2021']",True
47,delta,21,39,11,71,196,51,247,482,q1 2021,['delta'],"['q1', '2021']",True
48,ebonyi,10,19,2,31,121,27,148,274,q1 2021,['ebonyi'],"['q1', '2021']",True
49,edo,20,30,6,56,140,51,191,386,q1 2021,['edo'],"['q1', '2021']",True
50,ekiti,10,19,2,31,101,13,114,175,q1 2021,['ekiti'],"['q1', '2021']",True
51,enugu,24,36,6,66,222,37,259,505,q1 2021,['enugu'],"['q1', '2021']",True
52,fct,41,177,60,278,518,56,574,1289,q1 2021,['fct'],"['q1', '2021']",True
53,gombe,11,59,2,72,232,31,263,388,q1 2021,['gombe'],"['q1', '2021']",True
54,imo,7,7,2,16,71,17,88,116,q1 2021,['imo'],"['q1', '2021']",True
55,jigawa,15,50,2,67,264,35,299,443,q1 2021,['jigawa'],"['q1', '2021']",True
56,kaduna,104,147,5,256,1149,196,1345,2151,q1 2021,['kaduna'],"['q1', '2021']",True
57,kano,33,100,4,137,604,100,704,1013,q1 2021,['kano'],"['q1', '2021']",True
58,katsina,19,52,0,71,287,29,316,469,q1 2021,['katsina'],"['q1', '2021']",True
59,kebbi,13,31,0,44,139,21,160,263,q1 2021,['kebbi'],"['q1', '2021']",True
60,kogi,38,83,22,143,425,94,519,1361,q1 2021,['kogi'],"['q1', '2021']",True
61,kwara,25,62,13,100,369,69,438,680,q1 2021,['kwara'],"['q1', '2021']",True
62,lagos,23,73,55,151,243,26,269,709,q1 2021,['lagos'],"['q1', '2021']",True
63,nasarawa,37,100,39,176,452,77,529,931,q1 2021,['nasarawa'],"['q1', '2021']",True
64,niger,25,82,1,108,492,93,585,809,q1 2021,['niger'],"['q1', '2021']",True
65,ogun,58,173,68,299,670,82,752,1908,q1 2021,['ogun'],"['q1', '2021']",True
66,ondo,32,76,7,115,290,43,333,752,q1 2021,['ondo'],"['q1', '2021']",True
67,osun,22,72,11,105,317,43,360,749,q1 2021,['osun'],"['q1', '2021']",True
68,oyo,56,107,13,176,399,103,502,1169,q1 2021,['oyo'],"['q1', '2021']",True
69,plateau,10,25,13,48,130,15,145,251,q1 2021,['plateau'],"['q1', '2021']",True
70,rivers,3,16,2,21,54,4,58,118,q1 2021,['rivers'],"['q1', '2021']",True
71,sokoto,15,22,0,37,119,33,152,205,q1 2021,['sokoto'],"['q1', '2021']",True
72,taraba,8,58,1,67,213,12,225,315,q1 2021,['taraba'],"['q1', '2021']",True
73,yobe,17,24,1,42,235,35,270,379,q1 2021,['yobe'],"['q1', '2021']",True
74,zamfara,8,33,0,41,153,14,167,235,q1 2021,['zamfara'],"['q1', '2021']",True
75,abia,10,11,0,21,69,19,88,177,q2 2021,['abia'],"['q2', '2021']",True
76,adamawa,11,76,3,90,280,21,301,468,q2 2021,['adamawa'],"['q2', '2021']",True
77,akwa ibom,6,9,1,16,32,10,42,87,q2 2021,"['akwa', 'ibom']","['q2', '2021']",True
78,anambra,15,31,20,66,138,18,156,418,q2 2021,['anambra'],"['q2', '2021']",True
79,bauchi,33,72,0,105,418,46,464,737,q2 2021,['bauchi'],"['q2', '2021']",True
80,bayelsa,2,5,3,10,19,3,22,42,q2 2021,['bayelsa'],"['q2', '2021']",True
81,benue,7,59,3,69,170,19,189,236,q2 2021,['benue'],"['q2', '2021']",True
82,borno,2,15,0,17,65,4,69,103,q2 2021,['borno'],"['q2', '2021']",True
83,cross river,5,20,4,29,74,5,79,149,q2 2021,"['cross', 'river']","['q2', '2021']",True
84,delta,9,28,4,41,136,16,152,311,q2 2021,['delta'],"['q2', '2021']",True
85,ebonyi,9,19,1,29,82,15,97,185,q2 2021,['ebonyi'],"['q2', '2021']",True
86,edo,19,30,9,58,154,34,188,370,q2 2021,['edo'],"['q2', '2021']",True
87,ekiti,13,23,5,41,98,20,118,252,q2 2021,['ekiti'],"['q2', '2021']",True
88,enugu,13,34,19,66,157,22,179,453,q2 2021,['enugu'],"['q2', '2021']",True
89,fct,31,168,53,252,483,37,520,1273,q2 2021,['fct'],"['q2', '2021']",True
90,gombe,15,76,2,93,239,28,267,427,q2 2021,['gombe'],"['q2', '2021']",True
91,imo,6,13,4,23,64,14,78,145,q2 2021,['imo'],"['q2', '2021']",True
92,jigawa,22,41,0,63,370,46,416,499,q2 2021,['jigawa'],"['q2', '2021']",True
93,kaduna,94,126,2,222,837,217,1054,1790,q2 2021,['kaduna'],"['q2', '2021']",True
94,kano,22,47,1,70,286,57,343,480,q2 2021,['kano'],"['q2', '2021']",True
95,katsina,20,19,0,39,148,40,188,229,q2 2021,['katsina'],"['q2', '2021']",True
96,kebbi,4,47,2,53,130,4,134,220,q2 2021,['kebbi'],"['q2', '2021']",True
97,kogi,21,57,19,97,246,25,271,705,q2 2021,['kogi'],"['q2', '2021']",True
98,kwara,32,63,13,108,368,80,448,750,q2 2021,['kwara'],"['q2', '2021']",True
99,lagos,28,75,42,145,266,47,313,717,q2 2021,['lagos'],"['q2', '2021']",True
100,nasarawa,37,182,23,242,600,53,653,1106,q2 2021,['nasarawa'],"['q2', '2021']",True
101,niger,47,98,3,148,516,103,619,946,q2 2021,['niger'],"['q2', '2021']",True
102,ogun,73,185,79,337,637,121,758,1980,q2 2021,['ogun'],"['q2', '2021']",True
103,ondo,32,68,14,114,299,47,346,772,q2 2021,['ondo'],"['q2', '2021']",True
104,osun,24,55,8,87,250,52,302,615,q2 2021,['osun'],"['q2', '2021']",True
105,oyo,46,96,10,152,400,85,485,1009,q2 2021,['oyo'],"['q2', '2021']",True
106,plateau,13,68,18,99,283,23,306,579,q2 2021,['plateau'],"['q2', '2021']",True
107,rivers,4,16,6,26,65,6,71,142,q2 2021,['rivers'],"['q2', '2021']",True
108,sokoto,20,3,0,23,87,37,124,196,q2 2021,['sokoto'],"['q2', '2021']",True
109,taraba,5,51,0,56,171,12,183,254,q2 2021,['taraba'],"['q2', '2021']",True
110,yobe,9,23,0,32,168,17,185,247,q2 2021,['yobe'],"['q2', '2021']",True
111,zamfara,18,26,2,46,213,50,263,386,q2 2021,['zamfara'],"['q2', '2021']",True
112,abia,7,10,3,20,62,11,73,140,q3 2021,['abia'],"['q3', '2021']",True
113,adamawa,14,58,8,80,208,26,234,391,q3 2021,['adamawa'],"['q3', '2021']",True
114,akwa ibom,1,8,4,13,18,1,19,75,q3 2021,"['akwa', 'ibom']","['q3', '2021']",True
115,anambra,12,39,11,62,142,17,159,411,q3 2021,['anambra'],"['q3', '2021']",True
116,bauchi,39,86,5,130,627,79,706,1010,q3 2021,['bauchi'],"['q3', '2021']",True
117,bayelsa,3,9,7,19,23,8,31,72,q3 2021,['bayelsa'],"['q3', '2021']",True
118,benue,10,37,6,53,159,18,177,245,q3 2021,['benue'],"['q3', '2021']",True
119,borno,2,14,1,17,110,3,113,188,q3 2021,['borno'],"['q3', '2021']",True
120,cross river,8,26,3,37,144,15,159,229,q3 2021,"['cross', 'river']","['q3', '2021']",True
121,delta,11,28,6,45,122,23,145,279,q3 2021,['delta'],"['q3', '2021']",True
122,ebonyi,9,18,7,34,100,18,118,272,q3 2021,['ebonyi'],"['q3', '2021']",True
123,edo,19,36,11,66,158,33,191,419,q3 2021,['edo'],"['q3', '2021']",True
124,ekiti,7,31,6,44,127,10,137,287,q3 2021,['ekiti'],"['q3', '2021']",True
125,enugu,21,52,24,97,270,28,298,748,q3 2021,['enugu'],"['q3', '2021']",True
126,fct,44,199,64,307,562,57,619,1629,q3 2021,['fct'],"['q3', '2021']",True
127,gombe,10,60,3,73,218,13,231,334,q3 2021,['gombe'],"['q3', '2021']",True
128,imo,9,15,3,27,85,16,101,251,q3 2021,['imo'],"['q3', '2021']",True
129,jigawa,23,70,1,94,312,65,377,560,q3 2021,['jigawa'],"['q3', '2021']",True
130,kaduna,58,111,5,174,684,144,828,1471,q3 2021,['kaduna'],"['q3', '2021']",True
131,kano,15,17,0,32,131,53,184,283,q3 2021,['kano'],"['q3', '2021']",True
132,katsina,15,3,0,18,98,33,131,138,q3 2021,['katsina'],"['q3', '2021']",True
133,kebbi,15,39,0,54,159,59,218,312,q3 2021,['kebbi'],"['q3', '2021']",True
134,kogi,22,59,14,95,280,42,322,786,q3 2021,['kogi'],"['q3', '2021']",True
135,kwara,9,55,14,78,255,21,276,551,q3 2021,['kwara'],"['q3', '2021']",True
136,lagos,29,76,36,141,233,41,274,689,q3 2021,['lagos'],"['q3', '2021']",True
137,nasarawa,27,148,37,212,535,33,568,921,q3 2021,['nasarawa'],"['q3', '2021']",True
138,niger,64,151,4,219,577,150,727,1227,q3 2021,['niger'],"['q3', '2021']",True
139,ogun,59,169,71,299,618,98,716,1889,q3 2021,['ogun'],"['q3', '2021']",True
140,ondo,31,62,3,96,251,51,302,580,q3 2021,['ondo'],"['q3', '2021']",True
141,osun,35,57,13,105,324,82,406,866,q3 2021,['osun'],"['q3', '2021']",True
142,oyo,34,93,10,137,344,58,402,888,q3 2021,['oyo'],"['q3', '2021']",True
143,plateau,13,56,8,77,249,25,274,417,q3 2021,['plateau'],"['q3', '2021']",True
144,rivers,8,17,6,31,88,23,111,208,q3 2021,['rivers'],"['q3', '2021']",True
145,sokoto,10,14,3,27,78,15,93,175,q3 2021,['sokoto'],"['q3', '2021']",True
146,taraba,2,43,0,45,128,3,131,211,q3 2021,['taraba'],"['q3', '2021']",True
147,yobe,21,29,5,55,292,41,333,502,q3 2021,['yobe'],"['q3', '2021']",True
148,zamfara,7,13,1,21,56,19,75,110,q3 2021,['zamfara'],"['q3', '2021']",True
149,abia,3,12,6,21,57,3,60,177,q4 2021,['abia'],"['q4', '2021']",True
150,adamawa,17,54,5,76,191,25,216,423,q4 2021,['adamawa'],"['q4', '2021']",True
151,akwa ibom,7,13,2,22,39,10,49,98,q4 2021,"['akwa', 'ibom']","['q4', '2021']",True
152,anambra,24,25,10,59,156,45,201,577,q4 2021,['anambra'],"['q4', '2021']",True
153,bauchi,64,149,4,217,882,156,1038,1600,q4 2021,['bauchi'],"['q4', '2021']",True
154,bayelsa,3,9,0,12,37,24,61,80,q4 2021,['bayelsa'],"['q4', '2021']",True
155,benue,6,44,3,53,123,9,132,165,q4 2021,['benue'],"['q4', '2021']",True
156,borno,4,17,0,21,70,5,75,152,q4 2021,['borno'],"['q4', '2021']",True
157,cross river,15,31,8,54,133,20,153,248,q4 2021,"['cross', 'river']","['q4', '2021']",True
158,delta,21,28,9,58,172,30,202,452,q4 2021,['delta'],"['q4', '2021']",True
159,ebonyi,14,13,3,30,87,29,116,171,q4 2021,['ebonyi'],"['q4', '2021']",True
160,edo,24,31,8,63,125,40,165,397,q4 2021,['edo'],"['q4', '2021']",True
161,ekiti,3,17,7,27,62,5,67,178,q4 2021,['ekiti'],"['q4', '2021']",True
162,enugu,16,29,11,56,134,21,155,348,q4 2021,['enugu'],"['q4', '2021']",True
163,fct,50,190,40,280,621,66,687,1424,q4 2021,['fct'],"['q4', '2021']",True
164,gombe,17,71,2,90,256,30,286,472,q4 2021,['gombe'],"['q4', '2021']",True
165,imo,11,25,1,37,130,22,152,328,q4 2021,['imo'],"['q4', '2021']",True
166,jigawa,34,94,1,129,510,62,572,858,q4 2021,['jigawa'],"['q4', '2021']",True
167,kaduna,60,112,5,177,691,120,811,1436,q4 2021,['kaduna'],"['q4', '2021']",True
168,kano,21,19,0,40,190,40,230,385,q4 2021,['kano'],"['q4', '2021']",True
169,katsina,6,4,0,10,38,13,51,73,q4 2021,['katsina'],"['q4', '2021']",True
170,kebbi,16,44,2,62,248,28,276,378,q4 2021,['kebbi'],"['q4', '2021']",True
171,kogi,36,84,17,137,428,68,496,1207,q4 2021,['kogi'],"['q4', '2021']",True
172,kwara,35,63,10,108,365,76,441,782,q4 2021,['kwara'],"['q4', '2021']",True
173,lagos,24,84,51,159,262,43,305,751,q4 2021,['lagos'],"['q4', '2021']",True
174,nasarawa,44,207,12,263,686,59,745,1417,q4 2021,['nasarawa'],"['q4', '2021']",True
175,niger,50,129,1,180,759,108,867,1377,q4 2021,['niger'],"['q4', '2021']",True
176,ogun,71,169,46,286,633,129,762,1920,q4 2021,['ogun'],"['q4', '2021']",True
177,ondo,39,78,17,134,247,62,309,797,q4 2021,['ondo'],"['q4', '2021']",True
178,osun,27,64,16,107,302,63,365,813,q4 2021,['osun'],"['q4', '2021']",True
179,oyo,53,98,12,163,494,93,587,1213,q4 2021,['oyo'],"['q4', '2021']",True
180,plateau,17,51,6,74,261,34,295,529,q4 2021,['plateau'],"['q4', '2021']",True
181,rivers,11,12,4,27,135,23,158,239,q4 2021,['rivers'],"['q4', '2021']",True
182,sokoto,13,22,0,35,146,25,171,224,q4 2021,['sokoto'],"['q4', '2021']",True
183,taraba,9,61,0,70,178,9,187,320,q4 2021,['taraba'],"['q4', '2021']",True
184,yobe,14,30,1,45,188,25,213,332,q4 2021,['yobe'],"['q4', '2021']",True
185,zamfara,9,16,0,25,135,32,167,249,q4 2021,['zamfara'],"['q4', '2021']",True
186,abia,8,20,5,33,144,13,157,260,q1 2022,['abia'],"['q1', '2022']",True
187,adamawa,17,61,1,79,245,61,306,488,q1 2022,['adamawa'],"['q1', '2022']",True
188,akwa ibom,7,8,1,16,35,7,42,84,q1 2022,"['akwa', 'ibom']","['q1', '2022']",True
189,anambra,15,20,3,38,103,22,125,376,q1 2022,['anambra'],"['q1', '2022']",True
190,bauchi,40,99,1,140,499,73,572,1105,q1 2022,['bauchi'],"['q1', '2022']",True
191,bayelsa,2,16,5,23,61,2,63,140,q1 2022,['bayelsa'],"['q1', '2022']",True
192,benue,18,52,4,74,221,27,248,461,q1 2022,['benue'],"['q1', '2022']",True
193,borno,9,16,0,25,114,25,139,187,q1 2022,['borno'],"['q1', '2022']",True
194,cross river,5,13,3,21,71,8,79,135,q1 2022,"['cross', 'river']","['q1', '2022']",True
195,delta,30,44,7,81,227,62,289,568,q1 2022,['delta'],"['q1', '2022']",True
196,ebonyi,11,17,5,33,87,22,109,217,q1 2022,['ebonyi'],"['q1', '2022']",True
197,edo,21,42,14,77,176,54,230,569,q1 2022,['edo'],"['q1', '2022']",True
198,ekiti,3,14,2,19,35,3,38,74,q1 2022,['ekiti'],"['q1', '2022']",True
199,enugu,21,28,8,57,211,38,249,600,q1 2022,['enugu'],"['q1', '2022']",True
200,fct,43,186,90,319,467,56,523,1609,q1 2022,['fct'],"['q1', '2022']",True
201,gombe,10,63,0,73,274,16,290,415,q1 2022,['gombe'],"['q1', '2022']",True
202,imo,7,16,3,26,54,17,71,134,q1 2022,['imo'],"['q1', '2022']",True
203,jigawa,18,83,1,102,417,37,454,724,q1 2022,['jigawa'],"['q1', '2022']",True
204,kaduna,82,106,9,197,887,197,1084,1818,q1 2022,['kaduna'],"['q1', '2022']",True
205,kano,42,48,2,92,417,138,555,782,q1 2022,['kano'],"['q1', '2022']",True
206,katsina,12,1,0,13,76,37,113,143,q1 2022,['katsina'],"['q1', '2022']",True
207,kebbi,7,46,4,57,229,22,251,350,q1 2022,['kebbi'],"['q1', '2022']",True
208,kogi,41,86,15,142,474,95,569,1449,q1 2022,['kogi'],"['q1', '2022']",True
209,kwara,32,55,7,94,315,86,401,635,q1 2022,['kwara'],"['q1', '2022']",True
210,lagos,25,98,75,198,276,48,324,1118,q1 2022,['lagos'],"['q1', '2022']",True
211,nasarawa,47,189,11,247,556,70,626,1225,q1 2022,['nasarawa'],"['q1', '2022']",True
212,niger,62,80,4,146,754,155,909,1580,q1 2022,['niger'],"['q1', '2022']",True
213,ogun,63,158,47,268,656,126,782,1915,q1 2022,['ogun'],"['q1', '2022']",True
214,ondo,33,82,12,127,355,54,409,1038,q1 2022,['ondo'],"['q1', '2022']",True
215,osun,23,67,12,102,376,29,405,883,q1 2022,['osun'],"['q1', '2022']",True
216,oyo,46,113,14,173,540,73,613,1337,q1 2022,['oyo'],"['q1', '2022']",True
217,plateau,22,51,0,73,270,36,306,508,q1 2022,['plateau'],"['q1', '2022']",True
218,rivers,5,19,5,29,58,7,65,157,q1 2022,['rivers'],"['q1', '2022']",True
219,sokoto,8,17,2,27,103,13,116,231,q1 2022,['sokoto'],"['q1', '2022']",True
220,taraba,14,56,1,71,248,32,280,420,q1 2022,['taraba'],"['q1', '2022']",True
221,yobe,17,9,0,26,133,63,196,272,q1 2022,['yobe'],"['q1', '2022']",True
222,zamfara,5,21,1,27,130,10,140,185,q1 2022,['zamfara'],"['q1', '2022']",True
