id,state,period,speed_violation,unknown_causes,tyre_burst,mechanically_defective_vehicle,brake_failure,overloading,dangerous_overtaking,route_obstruction,dangerous_driving,bad_road,road_traffic_violation,obstruction,sign_and_signal_violation,: driver_alcohol_and_drugs,poor_weather,fatigue,sleeping_while_driving,state_tokens,period_tokens,total_causes_recorded
1.0,abia,q4 2020,19,0,4,0,3,0,0,5,0,0,3,0,0,0,0,0,2,['abia'],"['q4', '2020']",36
2.0,adamawa,q4 2020,57,0,3,2,0,1,0,17,1,0,3,10,0,0,0,0,0,['adamawa'],"['q4', '2020']",94
3.0,akwa ibom,q4 2020,15,0,0,0,2,0,0,1,4,0,1,0,0,0,0,1,0,"['akwa', 'ibom']","['q4', '2020']",24
4.0,anambra,q4 2020,43,0,3,0,9,0,0,4,0,0,6,1,0,1,0,0,6,['anambra'],"['q4', '2020']",73
5.0,bauchi,q4 2020,74,0,11,3,0,5,2,21,7,2,4,3,0,0,0,0,8,['bauchi'],"['q4', '2020']",140
6.0,bayelsa,q4 2020,1,0,0,0,0,0,0,0,0,0,0,0,0,0,0,0,0,['bayelsa'],"['q4', '2020']",1
7.0,benue,q4 2020,81,0,0,0,0,0,0,0,0,0,0,0,0,0,0,0,0,['benue'],"['q4', '2020']",81
8.0,borno,q4 2020,11,0,4,2,0,0,0,0,1,0,0,0,0,0,0,0,0,['borno'],"['q4', '2020']",18
9.0,cross river,q4 2020,23,0,1,2,1,1,0,2,3,1,0,4,0,0,0,0,0,"['cross', 'river']","['q4', '2020']",38
10.0,delta,q4 2020,70,0,10,0,4,0,0,8,1,0,1,0,0,0,0,0,17,['delta'],"['q4', '2020']",111
11.0,ebonyi,q4 2020,9,0,8,0,0,0,0,6,3,0,0,0,0,0,0,0,3,['ebonyi'],"['q4', '2020']",29
12.0,edo,q4 2020,77,0,9,2,2,2,0,4,5,0,1,0,0,0,0,0,0,['edo'],"['q4', '2020']",102
13.0,ekiti,q4 2020,23,0,1,0,4,0,0,7,2,0,1,1,0,1,0,0,4,['ekiti'],"['q4', '2020']",44
14.0,enugu,q4 2020,10,0,0,1,10,0,0,2,3,0,1,0,0,0,0,0,21,['enugu'],"['q4', '2020']",48
15.0,fct,q4 2020,284,1,18,4,7,1,4,13,18,0,18,2,0,1,0,2,91,['fct'],"['q4', '2020']",464
16.0,gombe,q4 2020,59,1,2,1,1,0,0,7,8,0,1,0,0,0,0,0,4,['gombe'],"['q4', '2020']",84
17.0,imo,q4 2020,11,0,3,0,1,0,0,1,4,1,0,1,0,0,0,0,2,['imo'],"['q4', '2020']",24
18.0,jigawa,q4 2020,118,1,11,2,0,12,0,7,1,0,8,10,0,0,0,0,6,['jigawa'],"['q4', '2020']",176
19.0,kaduna,q4 2020,194,1,13,0,5,3,4,15,13,8,22,2,2,0,0,0,35,['kaduna'],"['q4', '2020']",317
20.0,kano,q4 2020,90,0,4,0,2,0,2,7,13,0,6,0,0,0,0,2,3,['kano'],"['q4', '2020']",129
21.0,katsina,q4 2020,80,0,1,2,3,0,0,4,7,3,3,1,1,0,0,0,1,['katsina'],"['q4', '2020']",106
22.0,kebbi,q4 2020,45,0,3,2,0,0,0,6,4,0,1,0,0,0,0,0,1,['kebbi'],"['q4', '2020']",62
23.0,kogi,q4 2020,91,0,8,4,8,1,0,16,8,2,6,6,0,1,0,1,26,['kogi'],"['q4', '2020']",178
24.0,kwara,q4 2020,105,1,5,3,5,0,0,18,6,2,0,0,0,0,0,0,15,['kwara'],"['q4', '2020']",160
25.0,lagos,q4 2020,46,0,3,12,23,0,0,4,6,6,3,0,0,1,0,3,0,['lagos'],"['q4', '2020']",107
26.0,nasarawa,q4 2020,114,0,6,4,1,0,0,12,52,5,14,2,0,0,0,0,32,['nasarawa'],"['q4', '2020']",242
27.0,niger,q4 2020,102,0,1,1,4,0,0,4,0,0,8,1,1,0,0,0,4,['niger'],"['q4', '2020']",126
28.0,ogun,q4 2020,254,0,22,10,28,4,1,12,20,1,13,6,0,0,0,0,2,['ogun'],"['q4', '2020']",373
29.0,ondo,q4 2020,107,0,7,3,3,0,0,14,13,1,4,1,1,0,0,1,0,['ondo'],"['q4', '2020']",155
30.0,osun,q4 2020,93,0,11,5,3,2,0,8,10,2,7,1,1,0,0,0,0,['osun'],"['q4', '2020']",143
31.0,oyo,q4 2020,128,1,15,5,14,1,0,14,18,1,6,0,2,0,0,4,0,['oyo'],"['q4', '2020']",209
32.0,plateau,q4 2020,18,0,2,3,9,0,0,3,7,0,0,0,0,2,0,0,1,['plateau'],"['q4', '2020']",45
33.0,rivers,q4 2020,19,0,2,1,3,0,0,0,0,0,2,0,0,0,0,0,2,['rivers'],"['q4', '2020']",29
34.0,sokoto,q4 2020,49,0,0,0,0,2,0,2,2,0,1,4,0,0,0,0,0,['sokoto'],"['q4', '2020']",60
35.0,taraba,q4 2020,57,0,2,1,0,1,0,4,7,0,3,0,5,0,0,0,12,['taraba'],"['q4', '2020']",92
36.0,yobe,q4 2020,28,0,9,1,0,2,0,7,5,0,1,0,0,0,0,0,0,['yobe'],"['q4', '2020']",53
37.0,zamfara,q4 2020,40,0,2,1,0,5,2,6,0,1,2,0,0,0,0,0,1,['zamfara'],"['q4', '2020']",60
38.0,abia,q1 2021,7,0,10,1,4,0,0,3,0,0,3,0,0,0,0,0,7,['abia'],"['q1', '2021']",35
39.0,adamawa,q1 2021,60,0,7,0,0,4,0,16,0,0,5,14,1,0,0,0,3,['adamawa'],"['q1', '2021']",110
40.0,akwa ibom,q1 2021,15,0,0,0,3,0,0,2,1,0,1,0,0,0,0,0,2,"['akwa', 'ibom']","['q1', '2021']",24
41.0,anambra,q1 2021,59,0,6,1,21,0,0,6,1,0,4,1,0,0,0,0,9,['anambra'],"['q1', '2021']",108
42.0,bauchi,q1 2021,77,0,16,3,0,0,1,18,15,1,4,2,1,0,0,0,14,['bauchi'],"['q1', '2021']",152
43.0,bayelsa,q1 2021,7,0,0,0,0,0,0,0,1,0,0,0,0,0,1,0,0,['bayelsa'],"['q1', '2021']",9
44.0,benue,q1 2021,46,0,1,0,1,0,0,0,2,0,0,0,0,0,0,0,1,['benue'],"['q1', '2021']",51
45.0,borno,q1 2021,31,0,3,0,0,0,0,2,5,0,2,1,0,0,0,0,2,['borno'],"['q1', '2021']",46
46.0,cross river,q1 2021,17,0,0,2,2,0,0,5,3,0,0,0,0,0,0,0,0,"['cross', 'river']","['q1', '2021']",29
47.0,delta,q1 2021,68,1,6,2,7,0,0,5,3,0,2,0,0,0,0,0,11,['delta'],"['q1', '2021']",105
48.0,ebonyi,q1 2021,13,0,6,0,0,0,0,5,0,0,2,0,0,0,0,0,6,['ebonyi'],"['q1', '2021']",32
49.0,edo,q1 2021,68,0,2,1,2,0,0,5,4,0,6,0,0,0,0,0,0,['edo'],"['q1', '2021']",88
50.0,ekiti,q1 2021,29,0,1,1,4,0,0,1,0,0,0,0,0,1,0,0,4,['ekiti'],"['q1', '2021']",41
51.0,enugu,q1 2021,3,0,4,3,7,0,0,5,7,0,5,0,0,0,0,0,41,['enugu'],"['q1', '2021']",75
52.0,fct,q1 2021,158,0,17,4,7,2,0,1,36,0,34,1,0,1,0,0,125,['fct'],"['q1', '2021']",386
53.0,gombe,q1 2021,33,0,9,7,2,3,0,2,11,0,4,2,0,0,0,0,9,['gombe'],"['q1', '2021']",82
54.0,imo,q1 2021,5,0,3,1,2,0,0,3,0,0,0,0,0,0,0,0,2,['imo'],"['q1', '2021']",16
55.0,jigawa,q1 2021,82,1,7,1,0,12,0,6,6,0,5,7,0,0,0,1,4,['jigawa'],"['q1', '2021']",132
56.0,kaduna,q1 2021,211,1,22,4,5,0,0,30,12,3,16,2,3,0,0,7,48,['kaduna'],"['q1', '2021']",364
57.0,kano,q1 2021,110,1,8,0,1,2,4,17,6,1,12,2,0,0,0,3,17,['kano'],"['q1', '2021']",184
58.0,katsina,q1 2021,74,0,2,0,3,0,0,3,7,0,2,0,0,0,0,0,1,['katsina'],"['q1', '2021']",92
59.0,kebbi,q1 2021,38,0,0,0,0,1,0,4,4,0,0,0,0,0,0,0,0,['kebbi'],"['q1', '2021']",47
60.0,kogi,q1 2021,105,0,8,5,10,0,0,19,6,0,11,9,4,1,0,0,35,['kogi'],"['q1', '2021']",213
61.0,kwara,q1 2021,91,0,5,6,1,1,1,17,2,0,0,0,0,0,0,0,32,['kwara'],"['q1', '2021']",156
62.0,lagos,q1 2021,85,0,2,16,13,0,0,12,8,3,6,0,0,0,0,2,0,['lagos'],"['q1', '2021']",147
63.0,nasarawa,q1 2021,75,0,8,9,3,0,0,10,34,1,11,0,0,1,0,1,34,['nasarawa'],"['q1', '2021']",187
64.0,niger,q1 2021,128,0,1,4,4,2,0,11,8,0,7,1,0,0,0,2,2,['niger'],"['q1', '2021']",170
65.0,ogun,q1 2021,270,0,20,25,23,6,1,18,8,10,11,4,3,0,0,0,4,['ogun'],"['q1', '2021']",403
66.0,ondo,q1 2021,96,0,8,3,9,0,1,14,12,3,4,0,0,0,0,2,0,['ondo'],"['q1', '2021']",152
67.0,osun,q1 2021,78,0,11,6,8,0,2,7,10,2,2,2,1,0,0,3,0,['osun'],"['q1', '2021']",132
68.0,oyo,q1 2021,129,0,14,7,19,1,2,19,17,5,4,2,0,0,2,1,0,['oyo'],"['q1', '2021']",222
69.0,plateau,q1 2021,15,0,1,3,7,1,0,4,9,0,0,1,0,0,0,0,1,['plateau'],"['q1', '2021']",42
70.0,rivers,q1 2021,12,0,4,0,0,0,0,2,0,0,1,0,0,0,0,0,1,['rivers'],"['q1', '2021']",20
71.0,sokoto,q1 2021,46,0,1,0,1,0,1,1,5,0,1,1,0,0,0,0,0,['sokoto'],"['q1', '2021']",57
72.0,taraba,q1 2021,31,0,3,1,0,0,0,3,21,0,1,3,22,0,0,0,19,['taraba'],"['q1', '2021']",104
73.0,yobe,q1 2021,28,0,5,1,0,1,0,6,7,1,1,1,0,0,0,0,0,['yobe'],"['q1', '2021']",51
74.0,zamfara,q1 2021,29,0,2,0,0,0,1,6,2,0,5,0,1,0,0,0,1,['zamfara'],"['q1', '2021']",47
75.0,abia,q2 2021,20,0,1,1,1,1,0,0,3,0,4,0,0,0,0,0,0,['abia'],"['q2', '2021']",31
76.0,adamawa,q2 2021,70,0,3,3,0,0,0,11,1,0,3,14,0,0,0,0,2,['adamawa'],"['q2', '2021']",107
77.0,akwa ibom,q2 2021,10,0,0,0,1,0,0,2,1,1,1,0,0,0,0,0,0,"['akwa', 'ibom']","['q2', '2021']",16
78.0,anambra,q2 2021,37,0,2,4,38,0,0,6,1,0,6,0,1,0,0,0,5,['anambra'],"['q2', '2021']",100
79.0,bauchi,q2 2021,55,0,8,5,0,2,0,17,7,0,5,5,1,0,0,0,7,['bauchi'],"['q2', '2021']",112
80.0,bayelsa,q2 2021,5,0,0,0,0,0,0,0,1,0,1,0,0,0,0,0,0,['bayelsa'],"['q2', '2021']",7
81.0,benue,q2 2021,63,1,0,0,0,0,0,0,2,0,1,0,0,0,0,0,2,['benue'],"['q2', '2021']",69
82.0,borno,q2 2021,7,0,7,0,0,0,0,3,0,0,0,0,0,0,0,0,7,['borno'],"['q2', '2021']",24
83.0,cross river,q2 2021,17,1,2,1,5,0,0,4,1,0,0,1,0,0,0,0,1,"['cross', 'river']","['q2', '2021']",33
84.0,delta,q2 2021,46,0,6,1,5,0,0,3,0,0,0,0,0,0,0,0,10,['delta'],"['q2', '2021']",71
85.0,ebonyi,q2 2021,20,0,6,0,0,0,0,4,0,0,1,0,0,0,0,0,2,['ebonyi'],"['q2', '2021']",33
86.0,edo,q2 2021,61,0,3,2,4,0,0,9,1,0,1,0,0,0,0,0,0,['edo'],"['q2', '2021']",81
87.0,ekiti,q2 2021,39,0,2,0,1,1,0,1,4,1,0,1,0,0,0,0,10,['ekiti'],"['q2', '2021']",60
88.0,enugu,q2 2021,8,0,9,2,4,1,0,9,4,0,2,0,0,0,0,0,39,['enugu'],"['q2', '2021']",78
89.0,fct,q2 2021,135,0,10,4,6,0,0,1,22,0,15,9,0,2,0,0,144,['fct'],"['q2', '2021']",348
90.0,gombe,q2 2021,40,0,1,0,2,6,0,3,26,0,5,3,0,0,0,0,21,['gombe'],"['q2', '2021']",107
91.0,imo,q2 2021,6,0,5,0,3,0,0,1,3,0,2,1,0,0,0,0,3,['imo'],"['q2', '2021']",24
92.0,jigawa,q2 2021,74,0,12,1,0,7,1,6,0,0,6,9,0,0,0,1,2,['jigawa'],"['q2', '2021']",119
93.0,kaduna,q2 2021,179,0,21,1,3,4,1,31,12,2,4,8,0,0,0,5,19,['kaduna'],"['q2', '2021']",290
94.0,kano,q2 2021,56,0,3,1,1,0,3,7,6,1,1,2,0,0,0,0,0,['kano'],"['q2', '2021']",81
95.0,katsina,q2 2021,40,0,2,0,0,0,0,2,8,3,0,0,0,0,0,0,3,['katsina'],"['q2', '2021']",58
96.0,kebbi,q2 2021,41,0,0,0,0,1,0,4,1,0,4,0,0,1,0,0,2,['kebbi'],"['q2', '2021']",54
97.0,kogi,q2 2021,56,0,3,6,5,4,0,10,9,0,7,2,2,0,0,0,32,['kogi'],"['q2', '2021']",136
98.0,kwara,q2 2021,64,0,10,6,3,0,0,16,3,0,0,0,0,2,0,0,37,['kwara'],"['q2', '2021']",141
99.0,lagos,q2 2021,75,0,7,6,20,0,0,6,14,6,3,0,0,0,0,3,0,['lagos'],"['q2', '2021']",140
100.0,nasarawa,q2 2021,107,1,6,2,5,3,2,43,37,1,10,4,1,2,0,0,48,['nasarawa'],"['q2', '2021']",272
101.0,niger,q2 2021,114,0,7,1,2,2,2,16,1,2,6,4,0,0,0,18,14,['niger'],"['q2', '2021']",189
102.0,ogun,q2 2021,293,0,0,17,0,0,0,19,3,0,5,1,0,1,0,0,0,['ogun'],"['q2', '2021']",339
103.0,ondo,q2 2021,90,2,9,3,5,0,0,13,13,5,3,2,0,2,0,1,0,['ondo'],"['q2', '2021']",148
104.0,osun,q2 2021,61,0,15,3,7,1,1,8,4,2,4,3,0,0,0,3,0,['osun'],"['q2', '2021']",112
105.0,oyo,q2 2021,107,1,10,2,4,0,0,22,12,5,11,2,0,0,0,5,0,['oyo'],"['q2', '2021']",181
106.0,plateau,q2 2021,31,0,2,3,17,0,0,10,17,1,2,4,0,0,0,0,6,['plateau'],"['q2', '2021']",93
107.0,rivers,q2 2021,13,0,0,0,2,0,2,3,4,0,4,0,0,0,0,0,0,['rivers'],"['q2', '2021']",28
108.0,sokoto,q2 2021,35,0,0,0,0,1,0,0,3,0,0,0,0,0,0,0,0,['sokoto'],"['q2', '2021']",39
109.0,taraba,q2 2021,28,0,1,0,0,3,0,2,21,0,1,0,0,0,0,0,21,['taraba'],"['q2', '2021']",77
110.0,yobe,q2 2021,24,0,11,0,0,0,0,6,6,0,0,0,0,0,0,0,0,['yobe'],"['q2', '2021']",47
111.0,zamfara,q2 2021,35,1,5,0,0,2,0,5,0,0,4,1,0,0,0,0,3,['zamfara'],"['q2', '2021']",56
112.0,abia,q3 2021,4,0,5,0,5,0,0,4,2,0,3,0,0,1,0,0,0,['abia'],"['q3', '2021']",24
113.0,adamawa,q3 2021,66,0,2,1,0,0,0,15,1,0,4,6,0,0,0,0,0,['adamawa'],"['q3', '2021']",95
114.0,akwa ibom,q3 2021,11,0,0,0,0,0,0,0,3,0,0,0,0,0,0,0,0,"['akwa', 'ibom']","['q3', '2021']",14
115.0,anambra,q3 2021,20,0,4,1,32,0,0,5,1,0,9,56,0,3,0,0,3,['anambra'],"['q3', '2021']",134
116.0,bauchi,q3 2021,69,0,7,7,0,2,1,15,6,1,8,0,4,0,1,0,5,['bauchi'],"['q3', '2021']",126
117.0,bayelsa,q3 2021,16,0,0,2,0,1,0,0,1,0,1,0,0,0,0,1,0,['bayelsa'],"['q3', '2021']",22
118.0,benue,q3 2021,37,0,0,0,1,0,0,2,7,0,0,0,0,1,0,0,0,['benue'],"['q3', '2021']",48
119.0,borno,q3 2021,9,0,4,0,0,0,0,2,0,0,0,0,0,0,0,0,1,['borno'],"['q3', '2021']",16
120.0,cross river,q3 2021,24,0,5,1,1,0,0,7,0,0,0,0,0,0,0,1,0,"['cross', 'river']","['q3', '2021']",39
121.0,delta,q3 2021,30,0,2,4,2,0,2,3,0,0,6,0,2,0,0,0,15,['delta'],"['q3', '2021']",66
122.0,ebonyi,q3 2021,19,0,4,2,0,0,0,4,0,0,1,0,0,0,0,0,0,['ebonyi'],"['q3', '2021']",30
123.0,edo,q3 2021,68,0,2,3,7,0,0,11,1,0,0,0,0,0,0,0,5,['edo'],"['q3', '2021']",97
124.0,ekiti,q3 2021,30,0,0,0,6,0,0,3,2,3,1,0,0,1,0,0,14,['ekiti'],"['q3', '2021']",60
125.0,enugu,q3 2021,45,0,6,1,21,0,0,7,2,0,1,0,0,0,0,0,17,['enugu'],"['q3', '2021']",100
126.0,fct,q3 2021,260,0,12,0,3,2,0,5,19,1,25,4,0,0,0,2,87,['fct'],"['q3', '2021']",420
127.0,gombe,q3 2021,38,3,5,1,1,0,0,7,8,0,3,5,0,1,0,0,11,['gombe'],"['q3', '2021']",83
128.0,imo,q3 2021,10,0,2,1,4,0,0,3,3,0,2,0,0,1,0,0,1,['imo'],"['q3', '2021']",27
129.0,jigawa,q3 2021,89,0,8,1,0,7,1,3,2,0,8,5,0,0,2,0,6,['jigawa'],"['q3', '2021']",132
130.0,kaduna,q3 2021,118,0,7,3,2,3,0,29,2,2,11,0,0,0,0,1,16,['kaduna'],"['q3', '2021']",194
131.0,kano,q3 2021,16,0,4,0,1,0,0,3,8,0,0,0,0,0,0,0,1,['kano'],"['q3', '2021']",33
132.0,katsina,q3 2021,21,0,2,0,0,0,0,1,2,0,1,0,0,0,0,0,0,['katsina'],"['q3', '2021']",27
133.0,kebbi,q3 2021,41,0,0,1,0,1,0,4,8,0,2,0,0,0,0,1,0,['kebbi'],"['q3', '2021']",58
134.0,kogi,q3 2021,72,0,5,4,7,0,0,9,6,0,8,1,1,0,0,1,21,['kogi'],"['q3', '2021']",135
135.0,kwara,q3 2021,65,0,5,5,3,0,0,7,4,0,1,1,1,0,0,0,14,['kwara'],"['q3', '2021']",106
136.0,lagos,q3 2021,71,1,2,13,15,0,0,9,10,2,8,0,1,0,1,2,0,['lagos'],"['q3', '2021']",135
137.0,nasarawa,q3 2021,126,0,9,1,4,1,0,32,34,0,9,1,0,0,0,0,37,['nasarawa'],"['q3', '2021']",254
138.0,niger,q3 2021,162,2,5,0,2,0,0,27,6,0,11,3,0,0,0,25,26,['niger'],"['q3', '2021']",269
139.0,ogun,q3 2021,253,0,6,19,2,1,1,10,5,0,12,0,0,2,0,0,0,['ogun'],"['q3', '2021']",311
140.0,ondo,q3 2021,72,0,2,1,4,0,1,11,12,5,4,1,0,0,0,0,0,['ondo'],"['q3', '2021']",113
141.0,osun,q3 2021,78,0,8,4,6,1,0,17,9,2,9,0,0,0,0,0,0,['osun'],"['q3', '2021']",134
142.0,oyo,q3 2021,88,1,14,4,11,0,0,18,6,2,7,1,0,0,0,4,3,['oyo'],"['q3', '2021']",159
143.0,plateau,q3 2021,23,0,4,5,15,0,0,9,10,0,0,2,0,0,0,0,2,['plateau'],"['q3', '2021']",70
144.0,rivers,q3 2021,16,0,2,0,2,0,0,6,4,0,5,0,0,0,0,0,0,['rivers'],"['q3', '2021']",35
145.0,sokoto,q3 2021,26,0,2,0,0,0,0,0,3,0,1,1,0,0,0,0,0,['sokoto'],"['q3', '2021']",33
146.0,taraba,q3 2021,18,0,0,0,0,1,0,6,15,0,2,0,4,0,0,0,20,['taraba'],"['q3', '2021']",66
147.0,yobe,q3 2021,33,0,14,0,0,2,0,8,7,0,1,0,0,0,0,0,1,['yobe'],"['q3', '2021']",66
148.0,zamfara,q3 2021,9,0,2,0,0,0,0,4,0,0,4,0,0,0,0,0,2,['zamfara'],"['q3', '2021']",21
149.0,abia,q4 2021,8,0,2,0,7,0,0,2,1,0,2,0,0,0,0,2,0,['abia'],"['q4', '2021']",24
150.0,adamawa,q4 2021,62,0,4,0,0,0,0,10,0,0,3,13,0,0,0,0,0,['adamawa'],"['q4', '2021']",92
151.0,akwa ibom,q4 2021,12,0,1,3,4,0,1,0,0,0,0,0,0,0,0,0,0,"['akwa', 'ibom']","['q4', '2021']",21
152.0,anambra,q4 2021,24,0,1,3,12,0,0,8,0,3,6,2,0,1,0,1,0,['anambra'],"['q4', '2021']",61
153.0,bauchi,q4 2021,124,2,18,2,0,9,1,29,21,5,9,9,2,0,0,1,8,['bauchi'],"['q4', '2021']",240
154.0,bayelsa,q4 2021,16,0,1,1,0,0,0,1,0,0,0,0,0,0,0,0,0,['bayelsa'],"['q4', '2021']",19
155.0,benue,q4 2021,34,1,2,0,0,0,0,3,4,1,1,0,0,1,0,0,0,['benue'],"['q4', '2021']",47
156.0,borno,q4 2021,13,0,1,1,0,1,0,2,1,0,1,0,0,0,0,0,1,['borno'],"['q4', '2021']",21
157.0,cross river,q4 2021,48,0,2,1,3,2,0,6,3,0,2,2,0,0,0,0,0,"['cross', 'river']","['q4', '2021']",69
158.0,delta,q4 2021,29,0,7,4,1,1,0,1,3,0,6,0,2,0,0,0,17,['delta'],"['q4', '2021']",71
159.0,ebonyi,q4 2021,16,0,2,0,1,0,0,4,4,0,2,0,0,0,0,0,1,['ebonyi'],"['q4', '2021']",30
160.0,edo,q4 2021,61,0,1,0,6,0,0,3,2,0,0,0,0,0,0,0,14,['edo'],"['q4', '2021']",87
161.0,ekiti,q4 2021,18,0,0,0,5,0,0,1,0,0,5,0,0,0,0,0,9,['ekiti'],"['q4', '2021']",38
162.0,enugu,q4 2021,24,0,8,0,14,0,0,2,1,0,0,0,0,0,0,0,13,['enugu'],"['q4', '2021']",62
163.0,fct,q4 2021,172,0,8,3,4,0,3,6,31,0,15,5,2,0,0,0,74,['fct'],"['q4', '2021']",323
164.0,gombe,q4 2021,44,5,7,0,0,5,0,5,27,1,2,4,0,0,0,0,12,['gombe'],"['q4', '2021']",112
165.0,imo,q4 2021,20,0,2,0,5,0,0,3,5,1,2,0,0,0,0,0,0,['imo'],"['q4', '2021']",38
166.0,jigawa,q4 2021,142,2,14,0,0,9,2,7,4,1,10,9,0,0,0,0,12,['jigawa'],"['q4', '2021']",212
167.0,kaduna,q4 2021,121,0,8,2,2,1,3,16,9,4,10,1,0,0,0,5,0,['kaduna'],"['q4', '2021']",182
168.0,kano,q4 2021,30,0,1,1,0,1,1,3,3,0,6,0,0,0,0,0,5,['kano'],"['q4', '2021']",51
169.0,katsina,q4 2021,11,0,0,0,0,0,0,1,3,0,0,0,0,0,0,0,0,['katsina'],"['q4', '2021']",15
170.0,kebbi,q4 2021,47,1,0,0,0,0,0,8,5,0,0,0,0,0,0,0,1,['kebbi'],"['q4', '2021']",62
171.0,kogi,q4 2021,105,0,5,7,15,1,0,20,7,0,16,3,5,1,0,0,39,['kogi'],"['q4', '2021']",224
172.0,kwara,q4 2021,64,0,4,6,2,0,0,18,9,0,3,0,0,0,0,0,26,['kwara'],"['q4', '2021']",132
173.0,lagos,q4 2021,84,0,4,17,6,0,0,12,13,1,5,1,0,2,0,3,1,['lagos'],"['q4', '2021']",149
174.0,nasarawa,q4 2021,92,1,4,25,9,4,8,22,20,22,4,6,0,3,0,0,33,['nasarawa'],"['q4', '2021']",253
175.0,niger,q4 2021,154,0,7,2,7,2,0,21,6,1,6,3,0,0,0,3,9,['niger'],"['q4', '2021']",221
176.0,ogun,q4 2021,239,1,0,17,0,0,0,18,9,0,11,0,0,0,0,0,0,['ogun'],"['q4', '2021']",295
177.0,ondo,q4 2021,95,1,6,1,9,1,0,10,29,5,2,0,0,0,0,2,1,['ondo'],"['q4', '2021']",162
178.0,osun,q4 2021,73,0,9,5,6,0,2,11,6,1,19,0,0,0,0,0,0,['osun'],"['q4', '2021']",132
179.0,oyo,q4 2021,101,1,12,7,8,2,2,15,17,2,10,0,1,1,0,5,1,['oyo'],"['q4', '2021']",185
180.0,plateau,q4 2021,31,0,2,5,21,0,0,5,6,0,0,0,0,2,0,0,2,['plateau'],"['q4', '2021']",74
181.0,rivers,q4 2021,14,0,5,0,6,0,2,4,3,0,2,1,0,0,0,0,0,['rivers'],"['q4', '2021']",37
182.0,sokoto,q4 2021,61,0,2,0,0,0,0,0,1,0,1,0,0,0,0,0,0,['sokoto'],"['q4', '2021']",65
183.0,taraba,q4 2021,25,0,2,0,0,6,0,3,11,0,0,0,0,0,0,0,31,['taraba'],"['q4', '2021']",78
184.0,yobe,q4 2021,29,0,10,2,0,1,1,2,10,1,0,2,0,0,0,0,1,['yobe'],"['q4', '2021']",59
185.0,zamfara,q4 2021,22,0,2,0,0,0,0,5,1,1,0,0,0,0,0,0,1,['zamfara'],"['q4', '2021']",32
186.0,abia,q1 2022,20,0,5,1,8,0,0,3,0,0,2,1,0,1,0,0,0,['abia'],"['q1', '2022']",41
187.0,adamawa,q1 2022,75,0,2,2,0,0,0,15,1,1,2,3,0,0,0,0,0,['adamawa'],"['q1', '2022']",101
188.0,akwa ibom,q1 2022,12,1,0,1,0,0,0,1,0,0,1,0,0,0,0,0,0,"['akwa', 'ibom']","['q1', '2022']",16
189.0,anambra,q1 2022,24,0,1,0,7,0,0,8,0,0,2,3,0,0,0,1,0,['anambra'],"['q1', '2022']",46
190.0,bauchi,q1 2022,90,0,8,2,0,2,0,19,17,5,11,3,0,0,0,0,7,['bauchi'],"['q1', '2022']",164
191.0,bayelsa,q1 2022,29,0,0,0,0,1,0,5,0,0,0,0,0,0,0,0,0,['bayelsa'],"['q1', '2022']",35
192.0,benue,q1 2022,55,2,2,3,3,0,0,4,4,1,2,2,1,0,0,0,0,['benue'],"['q1', '2022']",79
193.0,borno,q1 2022,15,0,4,1,0,0,0,0,0,0,0,0,0,0,0,0,6,['borno'],"['q1', '2022']",26
194.0,cross river,q1 2022,13,0,1,0,2,0,0,1,1,0,1,2,0,0,0,0,0,"['cross', 'river']","['q1', '2022']",21
195.0,delta,q1 2022,51,0,13,4,6,1,0,6,2,0,2,0,0,0,0,0,21,['delta'],"['q1', '2022']",106
196.0,ebonyi,q1 2022,20,0,2,0,0,0,0,12,2,0,1,0,0,0,0,0,3,['ebonyi'],"['q1', '2022']",40
197.0,edo,q1 2022,80,0,4,2,16,0,0,9,0,0,2,1,0,0,0,0,7,['edo'],"['q1', '2022']",121
198.0,ekiti,q1 2022,19,0,0,1,2,1,0,0,0,0,0,0,0,0,0,0,3,['ekiti'],"['q1', '2022']",26
199.0,enugu,q1 2022,18,0,1,0,17,1,0,4,0,0,0,1,0,0,0,0,20,['enugu'],"['q1', '2022']",62
200.0,fct,q1 2022,240,0,27,3,4,0,0,4,33,0,24,3,2,2,0,1,65,['fct'],"['q1', '2022']",408
201.0,gombe,q1 2022,53,0,4,3,0,0,2,9,7,2,3,0,0,0,0,0,14,['gombe'],"['q1', '2022']",97
202.0,imo,q1 2022,5,0,3,0,7,0,0,1,1,0,0,0,0,0,0,0,10,['imo'],"['q1', '2022']",27
203.0,jigawa,q1 2022,168,1,13,0,0,11,0,6,2,0,3,0,0,0,0,0,0,['jigawa'],"['q1', '2022']",204
204.0,kaduna,q1 2022,110,0,13,2,1,1,1,15,19,2,13,1,0,0,0,4,0,['kaduna'],"['q1', '2022']",182
205.0,kano,q1 2022,80,0,5,1,2,2,0,6,7,0,5,3,0,0,0,1,11,['kano'],"['q1', '2022']",123
206.0,katsina,q1 2022,10,0,2,0,0,2,0,0,2,0,0,0,0,0,0,0,2,['katsina'],"['q1', '2022']",18
207.0,kebbi,q1 2022,57,0,0,0,0,0,0,2,0,0,0,0,0,0,0,0,0,['kebbi'],"['q1', '2022']",59
208.0,kogi,q1 2022,132,1,9,5,13,2,0,20,11,0,6,2,10,0,0,1,2,['kogi'],"['q1', '2022']",214
209.0,kwara,q1 2022,109,1,10,4,5,0,0,7,4,0,2,0,0,0,0,0,3,['kwara'],"['q1', '2022']",145
210.0,lagos,q1 2022,88,0,9,9,34,0,0,6,13,0,14,0,0,3,0,6,0,['lagos'],"['q1', '2022']",182
211.0,nasarawa,q1 2022,183,0,10,6,6,3,0,18,27,0,17,5,0,0,0,0,44,['nasarawa'],"['q1', '2022']",319
212.0,niger,q1 2022,124,0,8,0,2,2,0,22,1,2,3,1,0,0,0,21,4,['niger'],"['q1', '2022']",190
213.0,ogun,q1 2022,260,0,7,5,7,2,0,16,7,0,18,0,1,2,0,0,4,['ogun'],"['q1', '2022']",329
214.0,ondo,q1 2022,95,0,11,3,8,2,0,9,22,0,7,0,0,0,0,0,0,['ondo'],"['q1', '2022']",157
215.0,osun,q1 2022,75,0,18,6,4,1,1,13,2,1,15,0,0,0,0,0,1,['osun'],"['q1', '2022']",137
216.0,oyo,q1 2022,124,0,14,5,12,2,0,14,15,0,10,1,0,0,0,4,0,['oyo'],"['q1', '2022']",201
217.0,plateau,q1 2022,26,0,0,2,18,1,0,8,6,0,7,1,0,1,0,0,1,['plateau'],"['q1', '2022']",71
218.0,rivers,q1 2022,20,0,4,1,3,0,0,2,3,0,4,0,0,0,0,0,0,['rivers'],"['q1', '2022']",37
219.0,sokoto,q1 2022,19,0,3,0,1,0,1,2,1,0,1,0,0,0,0,0,0,['sokoto'],"['q1', '2022']",28
220.0,taraba,q1 2022,21,0,5,0,0,3,0,12,16,0,1,0,0,0,0,3,13,['taraba'],"['q1', '2022']",74
221.0,yobe,q1 2022,21,0,5,0,0,1,0,3,3,0,4,0,0,0,0,0,0,['yobe'],"['q1', '2022']",37
222.0,zamfara,q1 2022,20,0,0,0,0,1,0,8,0,0,0,0,0,0,0,0,2,['zamfara'],"['q1', '2022']",31
